104001	Holy Week: For Christians, days of sorrow on the road to Easter celebration	http://www.charlotteobserver.com/2014/04/10/4832136/holy-week-for-christians-days.html	Charlotte Observer	e	dJuzZfIa0RoI_JMKZCBfLaEa_N1GM	www.charlotteobserver.com	1397300102294
104002	When Is Palm Sunday 2014? Discover Meaning Behind Annual Catholic  ...	http://www.latintimes.com/when-palm-sunday-2014-discover-meaning-behind-annual-catholic-celebration-164979	Latin Times	e	dJuzZfIa0RoI_JMKZCBfLaEa_N1GM	www.latintimes.com	1397300102487
104003	Easter tradition to highlight Holy Cross Church bake sale	http://www.johnstonsunrise.net/stories/Easter-tradition-to-highlight-Holy-Cross-Church-bake-sale,91535	Johnston Sun Rise	e	dJuzZfIa0RoI_JMKZCBfLaEa_N1GM	www.johnstonsunrise.net	1397300102696
104004	Religion briefs for April 11, 2014	http://southtownstar.suntimes.com/lifestyles/26761233-423/religion-briefs-for-april-11-2014.html	SouthtownStar	e	dJuzZfIa0RoI_JMKZCBfLaEa_N1GM	southtownstar.suntimes.com	1397300102862
104005	Holy Week And Easter Activities Offered At St. Paul's Church	http://www.chattanoogan.com/2014/4/10/273969/Holy-Week-And-Easter-Activities-Offered.aspx	The Chattanoogan	e	dJuzZfIa0RoI_JMKZCBfLaEa_N1GM	www.chattanoogan.com	1397300103274
104006	Calvary Church Newsletter April 2014	http://www.valpolife.com/community/worship/40884-calvary-church-newsletter-april-2014	ValpoLife.com	e	dJuzZfIa0RoI_JMKZCBfLaEa_N1GM	www.valpolife.com	1397300103476
104007	First Methodist schedules Holy Week, Easter services	http://www.southeastsun.com/daleville/article_ba654376-c0d5-11e3-a5dd-001a4bcf6878.html	The Southeast Sun	e	dJuzZfIa0RoI_JMKZCBfLaEa_N1GM	www.southeastsun.com	1397300103717
104008	Religion Calendar: Palm Sunday 2014	http://lancasteronline.com/religion-calendar-palm-sunday/article_bc8e7f9a-c0d1-11e3-b818-001a4bcf6878.html	Lancaster Newspapers	e	dJuzZfIa0RoI_JMKZCBfLaEa_N1GM	lancasteronline.com	1397300104021
104009	Religion Calendar: Maundy Thursday 2014	http://lancasteronline.com/religion-calendar-maundy-thursday/article_dff4fc22-c0cf-11e3-b21f-001a4bcf6878.html	Lancaster Newspapers	e	dJuzZfIa0RoI_JMKZCBfLaEa_N1GM	lancasteronline.com	1397300104272
104010	Daily Times church services	http://www.delcotimes.com/lifestyle/20140410/daily-times-church-services	Delaware County Daily Times	e	dJuzZfIa0RoI_JMKZCBfLaEa_N1GM	www.delcotimes.com	1397300104507
104011	Tens of Thousands of Christians from Around the World to Celebrate Easter in  ...	http://www.travelvideo.tv/news/israel/04-10-2014/tens-of-thousands-of-christians-from-around-the-world-to-celebrate-easter-in-israel	TravelVideo.tv \(press release\)	e	dJuzZfIa0RoI_JMKZCBfLaEa_N1GM	www.travelvideo.tv	1397300104733
104012	Holy Week 2014 Includes Palm Sunday, Holy Thursday, Good Friday, and Holy  ...	http://www.theepochtimes.com/n3/612930-holy-week-2014-includes-palm-sunday-holy-thursday-good-friday-and-holy-saturday/	The Epoch Times	e	dJuzZfIa0RoI_JMKZCBfLaEa_N1GM	www.theepochtimes.com	1397300104968
104013	Mt. Pleasant First UMC announces Holy Week services	http://columbiadailyherald.com/lifestyles/features/mt-pleasant-first-umc-announces-holy-week-services	Columbia Daily Herald	e	dJuzZfIa0RoI_JMKZCBfLaEa_N1GM	columbiadailyherald.com	1397300105186
104014	EXPERIENCE JESUS' LAST HOURS ON EARTH	http://www.leominsterchamp.com/news/2014-04-11/Your_City/EXPERIENCE_JESUS_LAST_HOURS_ON_EARTH.html	Leominster Champion	e	dJuzZfIa0RoI_JMKZCBfLaEa_N1GM	www.leominsterchamp.com	1397300105388
104015	First Presbyterian Church to host Maundy Thursday April 17	http://www.timesreporter.com/article/20140410/NEWS/140419947/10676/SPECIAL	New Philadelphia Times Reporter	e	dJuzZfIa0RoI_JMKZCBfLaEa_N1GM	www.timesreporter.com	1397300105547
104016	Drive through the last days of Jesus for Easter	http://www.orlandosentinel.com/features/blogs/religion-world/os-drive-through-the-last-days-of-jesus-for-easter-20140410,0,1430045.post	Orlando Sentinel \(blog\)	e	dJuzZfIa0RoI_JMKZCBfLaEa_N1GM	www.orlandosentinel.com	1397300105840
104017	Local churches plan Holy Week services, events	http://www.heraldsun.com/lifestyles/faith/x740448703/Local-churches-plan-Holy-Week-services-events	Durham Herald Sun	e	dJuzZfIa0RoI_JMKZCBfLaEa_N1GM	www.heraldsun.com	1397300106117
104018	St. John Episcopal Church commemorates Holy Week	http://theworldlink.com/bandon/news/st-john-episcopal-church-commemorates-holy-week/article_6564b066-c024-11e3-8aa2-0019bb2963f4.html	Coos Bay World	e	dJuzZfIa0RoI_JMKZCBfLaEa_N1GM	theworldlink.com	1397300106326
104019	Community Easter Service planned	http://www.altustimes.com/news/news/3248636/Community-Easter-Service-planned	Altus Times	e	dJuzZfIa0RoI_JMKZCBfLaEa_N1GM	www.altustimes.com	1397300106562
104020	Churches refresh Easter	http://www.barryanddistrictnews.co.uk/news/11140749.Churches_refresh_Easter/\?ref=var_0	Barry and District News	e	dJuzZfIa0RoI_JMKZCBfLaEa_N1GM	www.barryanddistrictnews.co.uk	1397300106738
104021	Church revives Easter tradition	http://www.jdnews.com/news/local/church-revives-easter-tradition-1.303192	Jacksonville Daily News	e	dJuzZfIa0RoI_JMKZCBfLaEa_N1GM	www.jdnews.com	1397300106987
104022	Area churches starting to announce Holy Week events	http://newstrib.com/main.asp\?SectionID=2&amp;SubSectionID=28&amp;ArticleID=35863	LaSalle News Tribune	e	dJuzZfIa0RoI_JMKZCBfLaEa_N1GM	newstrib.com	1397300107291
104023	Easter services at St James Church in Coundon	http://www.thenorthernecho.co.uk/news/11139906.Easter_services_at_St_James_Church_in_Coundon/	The Northern Echo	e	dJuzZfIa0RoI_JMKZCBfLaEa_N1GM	www.thenorthernecho.co.uk	1397300107459
104024	Staying in Contact with Friends and Family for the Upcoming Holy Week	http://www.consumerelectronicsnet.com/article/Staying-in-Contact-with-Friends-and-Family-for-the-Upcoming-Holy-Week-3176950	Consumer Electronics Net	e	dJuzZfIa0RoI_JMKZCBfLaEa_N1GM	www.consumerelectronicsnet.com	1397300107660
104025	Religion notes	http://www.nj.com/jjournal-news/index.ssf/2014/04/religion_notes_135.html	NJ.com	e	dJuzZfIa0RoI_JMKZCBfLaEa_N1GM	www.nj.com	1397300107878
104026	Religion notebook	http://www.spokesman.com/stories/2014/apr/10/religion-notebook/	The Spokesman Review	e	dJuzZfIa0RoI_JMKZCBfLaEa_N1GM	www.spokesman.com	1397300108128
104027	Religion news: April 10, 2014	http://www.masslive.com/living/index.ssf/2014/04/religion_news_april_10_2014.html	MassLive.com	e	dJuzZfIa0RoI_JMKZCBfLaEa_N1GM	www.masslive.com	1397300108312
104028	Holy Week events plannedin Brechin and Edzell	http://www.brechinadvertiser.co.uk/news/local-headlines/holy-week-events-planned-in-brechin-and-edzell-1-3369281	Brechin Advertiser	e	dJuzZfIa0RoI_JMKZCBfLaEa_N1GM	www.brechinadvertiser.co.uk	1397300108558
104029	Holy Week services planned each day at John Wesley church	http://www.heraldmailmedia.com/life/community/holy-week-services-planned-each-day-at-john-wesley-church/article_5fd0c464-c02e-11e3-b9f5-001a4bcf6878.html	Herald-Mail Media	e	dJuzZfIa0RoI_JMKZCBfLaEa_N1GM	www.heraldmailmedia.com	1397300108759
104030	Weeds: The original Universal Donor	http://www.nujournal.com/page/content.detail/id/549286/Weeds--The-original-Universal-Do---.html	NUjournal	e	dJuzZfIa0RoI_JMKZCBfLaEa_N1GM	www.nujournal.com	1397300109199
104031	Sherman Church Holy Week Schedule	http://www.putnamcountycourier.com/news/2014-04-10/Around_the_County/Sherman_Church_Holy_Week_Schedule.html	The Putnam County Courier \(subscription\)	e	dJuzZfIa0RoI_JMKZCBfLaEa_N1GM	www.putnamcountycourier.com	1397300109447
104032	'UP TV' offers viewers inspiring programs for Holy Week, Easter	http://www.catholicsun.org/2014/04/09/up-tv-offers-viewers-inspiring-programs-for-holy-week-easter/	The Catholic Sun	e	dJuzZfIa0RoI_JMKZCBfLaEa_N1GM	www.catholicsun.org	1397300109598
104033	St. Stephen's Church Announces Holy Week Schedule	http://scvnews.com/2014/04/09/st-stephens-church-announces-holy-week-schedule/	SCVNEWS.com	e	dJuzZfIa0RoI_JMKZCBfLaEa_N1GM	scvnews.com	1397300109766
104034	Immanuels UCC Plans Holy Week, Easter Services	http://www.emissourian.com/article_768d86e6-4d05-52e1-89d6-c7ef442a0fe8.html	The Missourian	e	dJuzZfIa0RoI_JMKZCBfLaEa_N1GM	www.emissourian.com	1397300110042
104035	Passion Sunday Begins Holy Week At St. Paul's Episcopal	http://www.chattanoogan.com/2014/4/9/273918/Passion-Sunday-Begins-Holy-Week-At-St..aspx	The Chattanoogan	e	dJuzZfIa0RoI_JMKZCBfLaEa_N1GM	www.chattanoogan.com	1397300110252
104036	Animals Process With Children At St. Martin Of Tours Episcopal On Sunday	http://www.chattanoogan.com/2014/4/9/273919/Animals-Process-With-Children-At-St..aspx	The Chattanoogan	e	dJuzZfIa0RoI_JMKZCBfLaEa_N1GM	www.chattanoogan.com	1397300110537
104037	Church of Palms in Okatie announces Easter, Holy Week schedule	http://www.islandpacket.com/2014/04/09/3050738/church-of-palms-in-okatie-announces.html	Hilton Head Island Packet	e	dJuzZfIa0RoI_JMKZCBfLaEa_N1GM	www.islandpacket.com	1397300110721
104038	Avenue UMC announces Holy Week services	http://www.milfordbeacon.com/article/20140409/CCH/140409622/10082/NEWS	Milford Beacon	e	dJuzZfIa0RoI_JMKZCBfLaEa_N1GM	www.milfordbeacon.com	1397300110940
104039	Holy Week Preparation	http://www.catholicculture.org/culture/liturgicalyear/blog/index.cfm\?id=127	Catholic Culture \(blog\)	e	dJuzZfIa0RoI_JMKZCBfLaEa_N1GM	www.catholicculture.org	1397300111105
104040	Church News week of April 10, 2014	http://www.herald-progress.com/\?p=15466	Hanover Herald Progress	e	dJuzZfIa0RoI_JMKZCBfLaEa_N1GM	www.herald-progress.com	1397300111392
104041	Holy Week at St. Mark's	http://trib.com/lifestyles/faith-and-values/holy-week-at-st-mark-s/article_9cb9b1a2-36a7-5399-b83d-677a059df48f.html\?comment_form=true	Casper Star-Tribune Online	e	dJuzZfIa0RoI_JMKZCBfLaEa_N1GM	trib.com	1397300111577
104042	Sacred Triduum rites bring us closer to Christ	http://www.icatholic.org/article/sacred-triduum-rites-bring-us-closer-to-christ-6096597	Intermountain Catholic	e	dJuzZfIa0RoI_JMKZCBfLaEa_N1GM	www.icatholic.org	1397300112020
104043	Holy Week is a living reality, not a passion play	http://www.icatholic.org/article/holy-week-is-a-living-reality-not-a-passion-play-2566603	Intermountain Catholic	e	dJuzZfIa0RoI_JMKZCBfLaEa_N1GM	www.icatholic.org	1397300112161
104044	All are welcome at Easter services	http://www.bcdemocrat.com/index.php\?id=15675	Bcdemocrat	e	dJuzZfIa0RoI_JMKZCBfLaEa_N1GM	www.bcdemocrat.com	1397300112354
104045	Community Calendar	http://www.thevindicator.com/community/article_9062a3f6-c022-11e3-a976-001a4bcf887a.html	Liberty Vindicator	e	dJuzZfIa0RoI_JMKZCBfLaEa_N1GM	www.thevindicator.com	1397300112531
104046	Grace Episcopal Church announces Holy Week services	http://www.journalstandard.com/article/20140409/NEWS/140409304/10286/NEWS	Freeport Journal-Standard	e	dJuzZfIa0RoI_JMKZCBfLaEa_N1GM	www.journalstandard.com	1397300113244
104047	2014-04-09T12:01:00Z Easter services Napa Valley Register	http://napavalleyregister.com/calistogan/lifestyles/easter-services/article_4b9416b4-c019-11e3-b80b-001a4bcf887a.html	Napa Valley Register	e	dJuzZfIa0RoI_JMKZCBfLaEa_N1GM	napavalleyregister.com	1397300113570
104048	Easter services	http://napavalleyregister.com/star/lifestyles/easter-services/article_1934b6a8-c017-11e3-8049-001a4bcf887a.html	Napa Valley Register	e	dJuzZfIa0RoI_JMKZCBfLaEa_N1GM	napavalleyregister.com	1397300113805
104049	Area churches plan Palm Sunday services	http://blog.gulflive.com/mississippi-press-living/2014/04/find_a_church_celebrate_palm_s.html	Mississippi Press \(blog\)	e	dJuzZfIa0RoI_JMKZCBfLaEa_N1GM	blog.gulflive.com	1397300114014
104050	Holy Week will include services	http://www.sctonline.net/news/article_d31577ac-c016-11e3-ae7f-001a4bcf887a.html	Scott County Times	e	dJuzZfIa0RoI_JMKZCBfLaEa_N1GM	www.sctonline.net	1397300114259
104051	A Blessed Palm Sunday	http://www.southernminn.com/faribault_daily_news/opinion/article_982181c9-5157-51a5-8fb9-1564e0edab07.html	Southernminn.com	e	dJuzZfIa0RoI_JMKZCBfLaEa_N1GM	www.southernminn.com	1397300114568
104052	Holy week and Easter services for Litchfield County churches	http://www.registercitizen.com/general-news/20140409/holy-week-and-easter-services-for-litchfield-county-churches	Torrington Register Citizen	e	dJuzZfIa0RoI_JMKZCBfLaEa_N1GM	www.registercitizen.com	1397300114794
104053	Easter Triduum urges reconnect with natural world	http://www.valleycatholiconline.com/viewnews.php\?newsid=4957&amp;id=15	The Valley Catholic Online	e	dJuzZfIa0RoI_JMKZCBfLaEa_N1GM	www.valleycatholiconline.com	1397300114987
104054	Madison churches announcing Easter-related activities	http://www.dailyprogress.com/madisonnews/lifestyles/madison-churches-announcing-easter-related-activities/article_1aeb5af6-c00d-11e3-bdb9-001a4bcf6878.html	The Daily Progress	e	dJuzZfIa0RoI_JMKZCBfLaEa_N1GM	www.dailyprogress.com	1397300115179
104055	Church of the Redeemer to host Palm Sunday Observance	http://www.bothell-reporter.com/news/254570211.html	Bothell\/Kenmore Reporter	e	dJuzZfIa0RoI_JMKZCBfLaEa_N1GM	www.bothell-reporter.com	1397300115556
104056	Holy week services will start Monday	http://www.rockdalereporter.com/news/2014-04-10/Front_Page/Holy_week_services_will_start_Monday.html	Rockdale Reporter \(subscription\)	e	dJuzZfIa0RoI_JMKZCBfLaEa_N1GM	www.rockdalereporter.com	1397300115750
104057	Northampton town centre church opening its doors for Easter shoppers	http://www.northampton-news-hp.co.uk/Celebrations/Easter/Northampton-town-centre-church-opening-its-doors-for-Easter-shoppers-20140409172357.htm	Northampton Herald and Post	e	dJuzZfIa0RoI_JMKZCBfLaEa_N1GM	www.northampton-news-hp.co.uk	1397300115926
104058	Baking edible symbols of Resurrection	http://www.goupstate.com/article/20140409/ARTICLES/140409717/-1/wire\?Title=Easter-treats-Baking-edible-symbols-of-Resurrection	Spartanburg Herald Journal	e	dJuzZfIa0RoI_JMKZCBfLaEa_N1GM	www.goupstate.com	1397300116094
104059	Let The Holy Spirit Guide Your Evangelizing	http://groundreport.com/let-the-holy-spirit-guide-your-evangelizing/	GroundReport	e	dJuzZfIa0RoI_JMKZCBfLaEa_N1GM	groundreport.com	1397300116470
104060	Church celebrates a milestone	http://www.wcmessenger.com/2014/news/church-celebrates-a-milestone/	Wise County Messenger	e	dJuzZfIa0RoI_JMKZCBfLaEa_N1GM	www.wcmessenger.com	1397300116638
104061	Easter treats: Baking edible symbols of Resurrection	http://www.goupstate.com/article/20140409/ARTICLES/140409717	Spartanburg Herald Journal	e	dJuzZfIa0RoI_JMKZCBfLaEa_N1GM	www.goupstate.com	1397300116814
104062	Court Street United Methodist Church to host Holy Week, Easter Sunday	http://www.rrstar.com/article/20140409/ENTERTAINMENTLIFE/140409335/10329/NEWS	Rockford Register Star	e	dJuzZfIa0RoI_JMKZCBfLaEa_N1GM	www.rrstar.com	1397300117074
104063	HARPIST, CHURCH CHOIRS PERFORM EASTER EVENT	http://www.buffaloriverreview.com/contentitem/370338/1257/harpist-church-choirs-perform-easter-event	Buffalo River Review	e	dJuzZfIa0RoI_JMKZCBfLaEa_N1GM	www.buffaloriverreview.com	1397300117493
104064	Easter Celebration Services	http://www.pleasantonexpress.com/news/2014-04-09/Living/Easter_Celebration_Services.html	Pleasanton Express	e	dJuzZfIa0RoI_JMKZCBfLaEa_N1GM	www.pleasantonexpress.com	1397300117652
104065	FBC Pleasanton to celebrate resurrection with Easter musical	http://www.pleasantonexpress.com/news/2014-04-09/Church/FBC_Pleasanton_to_celebrate_resurrection_with_East.html	Pleasanton Express	e	dJuzZfIa0RoI_JMKZCBfLaEa_N1GM	www.pleasantonexpress.com	1397300117804
104066	Easter calendar	http://dailyjournalonline.com/democrat-news/news/local/easter-calendar/article_edcf69a8-b1dc-552c-a5dc-afa92b204a4b.html	Daily Journal Online	e	dJuzZfIa0RoI_JMKZCBfLaEa_N1GM	dailyjournalonline.com	1397300117980
104067	Coastal Church Calendar for Friday, April 11, 2014	http://www.al.com/living/index.ssf/2014/04/coastal_church_calendar_for_fr.html	The Birmingham News - al.com	e	dJuzZfIa0RoI_JMKZCBfLaEa_N1GM	www.al.com	1397300118181
104068	Christians: Israeli Restrictions Spoiling Easter Celebrations in Jerusalem	http://www.imemc.org/article/67494	International Middle East Media Center	e	dJuzZfIa0RoI_JMKZCBfLaEa_N1GM	www.imemc.org	1397300118514
104069	Easter VBS' at Wellsburg church	http://www.hsconnect.com/page/content.detail/id/597373/Easter-VBS--at-Wellsburg-church.html\?nav=5004	Steubenville Herald Star	e	dJuzZfIa0RoI_JMKZCBfLaEa_N1GM	www.hsconnect.com	1397300118666
104070	Palestinian Christians: Israeli Police Spoiling Easter Celebrations in Jerusalem	http://english.pnn.ps/index.php/human-rights/7316-palestinian-christians-israeli-police-spoiling-easter-celebrations-in-jerusalem	Palestine News Network	e	dJuzZfIa0RoI_JMKZCBfLaEa_N1GM	english.pnn.ps	1397300118868
104071	Churchwomen bake edible symbols of Resurrection	http://www.blueridgenow.com/article/20140409/ARTICLES/404091000/1042/news\?Title=Churchwomen-bake-edible-symbols-of-Resurrection	BlueRidgeNow.com	e	dJuzZfIa0RoI_JMKZCBfLaEa_N1GM	www.blueridgenow.com	1397300119054
104072	Bagdad Bagdad services	http://www.sentinelnews.com/content/easter-events-2014-updated-04-09-14	Shelbyville Sentinel News	e	dJuzZfIa0RoI_JMKZCBfLaEa_N1GM	www.sentinelnews.com	1397300119239
104073	Don't let Jesus's death on the cross lose its power	http://www.christiantoday.com/article/dont.let.jesuss.death.on.the.cross.lose.its.power/36664.htm	ChristianToday	e	dJuzZfIa0RoI_JMKZCBfLaEa_N1GM	www.christiantoday.com	1397300119691
104074	Medina churches see value of collaboration	http://thedailynewsonline.com/news/article_075a1162-bfb3-11e3-8055-001a4bcf887a.html	The Daily News Online	e	dJuzZfIa0RoI_JMKZCBfLaEa_N1GM	thedailynewsonline.com	1397300120042
104075	Kids will be on the trail of Easter story	http://www.nottinghampost.com/Kids-trail-Easter-story/story-20931754-detail/story.html	Nottingham Post	e	dJuzZfIa0RoI_JMKZCBfLaEa_N1GM	www.nottinghampost.com	1397300120261
104076	Easter services planned around Pinellas	http://www.tbnweekly.com/content_articles/040814_fpg-01.txt	Tampa Bay Newspapers	e	dJuzZfIa0RoI_JMKZCBfLaEa_N1GM	www.tbnweekly.com	1397300120496
104077	Episcopal Church observes Holy Week	http://www.elkvalleytimes.com/\?p=27766	Elk Valley Times	e	dJuzZfIa0RoI_JMKZCBfLaEa_N1GM	www.elkvalleytimes.com	1397300120738
104078	Holy Week Calendar for Frankfort	http://www.state-journal.com/spectrum/2014/04/08/holy-week-calendar-for-frankfort	State-Journal.com	e	dJuzZfIa0RoI_JMKZCBfLaEa_N1GM	www.state-journal.com	1397300120923
104079	Holy Week services planned throughout north shore: Keeping the Faith	http://www.nola.com/community/st-tammany/index.ssf/2014/04/holy_week_services_planned_thr.html	The Times-Picayune	e	dJuzZfIa0RoI_JMKZCBfLaEa_N1GM	www.nola.com	1397300121213
104080	Grahamston news from Thursday, April 10	http://www.falkirkherald.co.uk/district-news/grahamston-news-from-thursday-april-10-1-3369429	Falkirk Herald	e	dJuzZfIa0RoI_JMKZCBfLaEa_N1GM	www.falkirkherald.co.uk	1397300121459
104081	Middleboro Methodist Choir plans Easter Cantata	http://www.southcoasttoday.com/apps/pbcs.dll/article\?AID=/20140408/PUB04/404030375/1040/pub04	Middleboro Gazette	e	dJuzZfIa0RoI_JMKZCBfLaEa_N1GM	www.southcoasttoday.com	1397300121661
104082	Church burnt by arsonist last year hopes to open by Easter	http://www.wptz.com/news/vermont-new-york/burlington/church-burnt-by-arsonist-last-year-hopes-to-open-by-easter/25366622	WPTZ The Champlain Valley	e	dJuzZfIa0RoI_JMKZCBfLaEa_N1GM	www.wptz.com	1397300121863
104083	First Presbyterian Blairstown Holy Week	http://www.nj.com/warrenreporter/index.ssf/2014/04/first_presbyterian_blairstown.html	The Warren Reporter	e	dJuzZfIa0RoI_JMKZCBfLaEa_N1GM	www.nj.com	1397300122164
104084	St. John United Church of Christ Holy Week services	http://www.nj.com/warrenreporter/index.ssf/2014/04/st_john_united_church_of_chris.html	The Warren Reporter	e	dJuzZfIa0RoI_JMKZCBfLaEa_N1GM	www.nj.com	1397300122357
104085	Holy Week services, activities:	http://www.athensohiotoday.com/connect/holy-week-services-activities/article_e856c7b3-0897-526c-9db3-ef4dc8b45f18.html	The Athens Messenger	e	dJuzZfIa0RoI_JMKZCBfLaEa_N1GM	www.athensohiotoday.com	1397300122550
104086	Holy Week services in Lewisburg	http://www.thetelegraph.com/news/letters/4096491/Holy-Week-services-in-Lewisburg	Alton Telegraph	e	dJuzZfIa0RoI_JMKZCBfLaEa_N1GM	www.thetelegraph.com	1397300122735
104087	Pastor Defrocked for Gay Wedding Speaks at Local Church	http://www.nbcphiladelphia.com/news/local/Pastor-Defrocked-for-Gay-Wedding-Speaks-at-Local-Church-254092261.html	NBC 10 Philadelphia	e	dJuzZfIa0RoI_JMKZCBfLaEa_N1GM	www.nbcphiladelphia.com	1397300122911
104088	Songwriter Jesse Winchester dies at age 69	http://www.1340wgau.com/news/ap/entertainment/songwriter-jesse-winchester-dies-at-age-69/nfYX4/	1340 WGAU	e	dyKFFzzqkYMTXjM5um_wsscauX4UM	www.1340wgau.com	1397300158338
104089	Folkie Jesse Winchester dies of cancer, aged 69	http://www.nanaimodailynews.com/entertainment/folkie-jesse-winchester-dies-of-cancer-aged-69-1.953107	Nanaimo Daily News	e	dyKFFzzqkYMTXjM5um_wsscauX4UM	www.nanaimodailynews.com	1397300158519
104090	Songwriter honed career in Canada	http://www.leaderpost.com/Songwriter+honed+career+Canada/9731600/story.html	Regina Leader-Post	e	dyKFFzzqkYMTXjM5um_wsscauX4UM	www.leaderpost.com	1397300158742
104091	Louisiana-born songwriter Jesse Winchester, protege of Robbie Robertson, dies  ...	http://www.nola.com/music/index.ssf/2014/04/louisiana_native_songwriter_je.html	The Times-Picayune	e	dyKFFzzqkYMTXjM5um_wsscauX4UM	www.nola.com	1397300158953
104092	Singer and Songwriter Jesse Winchester Dies at 69	http://www.aceshowbiz.com/news/view/00070048.html	AceShowbiz	e	dyKFFzzqkYMTXjM5um_wsscauX4UM	www.aceshowbiz.com	1397300159162
104093	Singer Jesse Winchester dies	http://www.ptinews.com/news/4601142_Singer-Jesse-Winchester-dies-.html	Press Trust of India	e	dyKFFzzqkYMTXjM5um_wsscauX4UM	www.ptinews.com	1397300159322
104094	Songwriter Jesse Winchester, Canadian favorite, dies at 69	http://www.bignewsnetwork.com/index.php/sid/221036199/scat/a1e025da3c02ca7c/ht/Songwriter-Jesse-Winchester-Canadian-favorite-dies-at-69	Big News Network.com	e	dyKFFzzqkYMTXjM5um_wsscauX4UM	www.bignewsnetwork.com	1397300159490
104095	Memphis-bred songwriter Jesse Winchester dies	http://www.commercialappeal.com/news/2014/apr/11/memphis-bred-songwriter-jesse-winchester-dies/	Memphis Commercial Appeal	e	dyKFFzzqkYMTXjM5um_wsscauX4UM	www.commercialappeal.com	1397300159675
104096	Jesse Winchester, singer and songwriter, dies at 69	http://www.dailyfreeman.com/arts-and-entertainment/20140412/jesse-winchester-singer-and-songwriter-dies-at-69	Kingston Daily Freeman	e	dyKFFzzqkYMTXjM5um_wsscauX4UM	www.dailyfreeman.com	1397300159921
104097	Folksinger Jesse Winchester — who launched his music career in Montreal  ...	http://arts.nationalpost.com/2014/04/12/folksinger-jesse-winchester-who-launched-his-music-career-in-montreal-dies-at-69/	National Post	e	dyKFFzzqkYMTXjM5um_wsscauX4UM	arts.nationalpost.com	1397300160181
104098	Songwriter Jesse Winchester, whose career flourished in Montreal, dies at age  ...	http://www.tribtown.com/view/story/e8489f2ce8a74af9a16c844dbc1b8d85/CN--Obit-Jesse-Winchester	The Tribune	e	dyKFFzzqkYMTXjM5um_wsscauX4UM	www.tribtown.com	1397300160383
104099	Songwriter Jesse Winchester, whose career flourished in Montreal, dies at age 69	http://www.newser.com/article/57aa2f6f971e46c1b63c0675aa2aa230/songwriter-jesse-winchester-whose-career-flourished-in-montreal-dies-at-age-69.html	Newser	e	dyKFFzzqkYMTXjM5um_wsscauX4UM	www.newser.com	1397300160581
104100	Jesse Winchester, Legendary Songwriter Who Fled To Canada Avoiding  ...	http://www.inquisitr.com/1209326/jesse-winchester-legendary-songwriter-who-fled-to-canada-avoiding-vietnam-draft-dies-at-69/	The Inquisitr	e	dyKFFzzqkYMTXjM5um_wsscauX4UM	www.inquisitr.com	1397300160802
